YYYYMM,Value,Description,Unit
197901,94985.712,"Electricity Net Generation From Coal, All Sectors",Million Kilowatthours
197902,84747.823,"Electricity Net Generation From Coal, All Sectors",Million Kilowatthours
197903,85219.537,"Electricity Net Generation From Coal, All Sectors",Million Kilowatthours
197904,80450.173,"Electricity Net Generation From Coal, All Sectors",Million Kilowatthours
197905,86149.298,"Electricity Net Generation From Coal, All Sectors",Million Kilowatthours
197906,90817.26,"Electricity Net Generation From Coal, All Sectors",Million Kilowatthours
197907,97879.473,"Electricity Net Generation From Coal, All Sectors",Million Kilowatthours
197908,97910.027,"Electricity Net Generation From Coal, All Sectors",Million Kilowatthours
197909,85664.344,"Electricity Net Generation From Coal, All Sectors",Million Kilowatthours
197910,87527.612,"Electricity Net Generation From Coal, All Sectors",Million Kilowatthours
197911,87455.783,"Electricity Net Generation From Coal, All Sectors",Million Kilowatthours
197912,96230.048,"Electricity Net Generation From Coal, All Sectors",Million Kilowatthours
198001,103257.677,"Electricity Net Generation From Coal, All Sectors",Million Kilowatthours
198002,98150.804,"Electricity Net Generation From Coal, All Sectors",Million Kilowatthours
198003,95386.178,"Electricity Net Generation From Coal, All Sectors",Million Kilowatthours
198004,83561.813,"Electricity Net Generation From Coal, All Sectors",Million Kilowatthours
198005,84884.262,"Electricity Net Generation From Coal, All Sectors",Million Kilowatthours
198006,93691.765,"Electricity Net Generation From Coal, All Sectors",Million Kilowatthours
198007,108456.913,"Electricity Net Generation From Coal, All Sectors",Million Kilowatthours
198008,107579.936,"Electricity Net Generation From Coal, All Sectors",Million Kilowatthours
198009,97556.952,"Electricity Net Generation From Coal, All Sectors",Million Kilowatthours
198010,91196.02,"Electricity Net Generation From Coal, All Sectors",Million Kilowatthours
198011,93500.667,"Electricity Net Generation From Coal, All Sectors",Million Kilowatthours
198012,104339.38,"Electricity Net Generation From Coal, All Sectors",Million Kilowatthours
198101,111764.813,"Electricity Net Generation From Coal, All Sectors",Million Kilowatthours
198102,97653.289,"Electricity Net Generation From Coal, All Sectors",Million Kilowatthours
198103,99482.128,"Electricity Net Generation From Coal, All Sectors",Million Kilowatthours
198104,88109.349,"Electricity Net Generation From Coal, All Sectors",Million Kilowatthours
198105,88940.698,"Electricity Net Generation From Coal, All Sectors",Million Kilowatthours
198106,99837.068,"Electricity Net Generation From Coal, All Sectors",Million Kilowatthours
198107,112853.683,"Electricity Net Generation From Coal, All Sectors",Million Kilowatthours
198108,108402.855,"Electricity Net Generation From Coal, All Sectors",Million Kilowatthours
198109,97663.878,"Electricity Net Generation From Coal, All Sectors",Million Kilowatthours
198110,97046.239,"Electricity Net Generation From Coal, All Sectors",Million Kilowatthours
198111,94841.001,"Electricity Net Generation From Coal, All Sectors",Million Kilowatthours
198112,106608.232,"Electricity Net Generation From Coal, All Sectors",Million Kilowatthours
198201,113123.631,"Electricity Net Generation From Coal, All Sectors",Million Kilowatthours
198202,96905.528,"Electricity Net Generation From Coal, All Sectors",Million Kilowatthours
198203,97625.094,"Electricity Net Generation From Coal, All Sectors",Million Kilowatthours
198204,88115.664,"Electricity Net Generation From Coal, All Sectors",Million Kilowatthours
198205,92997.402,"Electricity Net Generation From Coal, All Sectors",Million Kilowatthours
198206,95313.637,"Electricity Net Generation From Coal, All Sectors",Million Kilowatthours
198207,110617.225,"Electricity Net Generation From Coal, All Sectors",Million Kilowatthours
198208,110124.075,"Electricity Net Generation From Coal, All Sectors",Million Kilowatthours
198209,96895.697,"Electricity Net Generation From Coal, All Sectors",Million Kilowatthours
198210,93769.09,"Electricity Net Generation From Coal, All Sectors",Million Kilowatthours
198211,95547.275,"Electricity Net Generation From Coal, All Sectors",Million Kilowatthours
198212,100969.888,"Electricity Net Generation From Coal, All Sectors",Million Kilowatthours
198301,108164.265,"Electricity Net Generation From Coal, All Sectors",Million Kilowatthours
198302,92691.602,"Electricity Net Generation From Coal, All Sectors",Million Kilowatthours
198303,95598.248,"Electricity Net Generation From Coal, All Sectors",Million Kilowatthours
198304,88113.755,"Electricity Net Generation From Coal, All Sectors",Million Kilowatthours
198305,91296.386,"Electricity Net Generation From Coal, All Sectors",Million Kilowatthours
198306,101512.015,"Electricity Net Generation From Coal, All Sectors",Million Kilowatthours
198307,121560.33,"Electricity Net Generation From Coal, All Sectors",Million Kilowatthours
198308,129312.743,"Electricity Net Generation From Coal, All Sectors",Million Kilowatthours
198309,108867.586,"Electricity Net Generation From Coal, All Sectors",Million Kilowatthours
198310,101951.282,"Electricity Net Generation From Coal, All Sectors",Million Kilowatthours
198311,103225.255,"Electricity Net Generation From Coal, All Sectors",Million Kilowatthours
198312,117130.811,"Electricity Net Generation From Coal, All Sectors",Million Kilowatthours
198401,120850.261,"Electricity Net Generation From Coal, All Sectors",Million Kilowatthours
198402,104706.39,"Electricity Net Generation From Coal, All Sectors",Million Kilowatthours
198403,111157.719,"Electricity Net Generation From Coal, All Sectors",Million Kilowatthours
198404,97541.501,"Electricity Net Generation From Coal, All Sectors",Million Kilowatthours
198405,100138.89,"Electricity Net Generation From Coal, All Sectors",Million Kilowatthours
198406,115425.514,"Electricity Net Generation From Coal, All Sectors",Million Kilowatthours
198407,121094.329,"Electricity Net Generation From Coal, All Sectors",Million Kilowatthours
198408,127743.902,"Electricity Net Generation From Coal, All Sectors",Million Kilowatthours
198409,108861.54,"Electricity Net Generation From Coal, All Sectors",Million Kilowatthours
198410,110800.527,"Electricity Net Generation From Coal, All Sectors",Million Kilowatthours
198411,109759.28,"Electricity Net Generation From Coal, All Sectors",Million Kilowatthours
198412,113600.9,"Electricity Net Generation From Coal, All Sectors",Million Kilowatthours
198501,129092.471,"Electricity Net Generation From Coal, All Sectors",Million Kilowatthours
198502,112036.83,"Electricity Net Generation From Coal, All Sectors",Million Kilowatthours
198503,111390.703,"Electricity Net Generation From Coal, All Sectors",Million Kilowatthours
198504,104790.423,"Electricity Net Generation From Coal, All Sectors",Million Kilowatthours
198505,111514.668,"Electricity Net Generation From Coal, All Sectors",Million Kilowatthours
198506,115583.004,"Electricity Net Generation From Coal, All Sectors",Million Kilowatthours
198507,128880.144,"Electricity Net Generation From Coal, All Sectors",Million Kilowatthours
198508,126549.659,"Electricity Net Generation From Coal, All Sectors",Million Kilowatthours
198509,114630.253,"Electricity Net Generation From Coal, All Sectors",Million Kilowatthours
198510,111053.345,"Electricity Net Generation From Coal, All Sectors",Million Kilowatthours
198511,108814.643,"Electricity Net Generation From Coal, All Sectors",Million Kilowatthours
198512,127791.979,"Electricity Net Generation From Coal, All Sectors",Million Kilowatthours
198601,130189.924,"Electricity Net Generation From Coal, All Sectors",Million Kilowatthours
198602,110982.428,"Electricity Net Generation From Coal, All Sectors",Million Kilowatthours
198603,110389.796,"Electricity Net Generation From Coal, All Sectors",Million Kilowatthours
198604,98995.106,"Electricity Net Generation From Coal, All Sectors",Million Kilowatthours
198605,104900.302,"Electricity Net Generation From Coal, All Sectors",Million Kilowatthours
198606,120153.987,"Electricity Net Generation From Coal, All Sectors",Million Kilowatthours
198607,136653.936,"Electricity Net Generation From Coal, All Sectors",Million Kilowatthours
198608,123617.62,"Electricity Net Generation From Coal, All Sectors",Million Kilowatthours
198609,113957.353,"Electricity Net Generation From Coal, All Sectors",Million Kilowatthours
198610,108583.774,"Electricity Net Generation From Coal, All Sectors",Million Kilowatthours
198611,109045.451,"Electricity Net Generation From Coal, All Sectors",Million Kilowatthours
198612,118361.775,"Electricity Net Generation From Coal, All Sectors",Million Kilowatthours
198701,126630.512,"Electricity Net Generation From Coal, All Sectors",Million Kilowatthours
198702,109647.934,"Electricity Net Generation From Coal, All Sectors",Million Kilowatthours
198703,111920.394,"Electricity Net Generation From Coal, All Sectors",Million Kilowatthours
198704,105474.356,"Electricity Net Generation From Coal, All Sectors",Million Kilowatthours
198705,115155.284,"Electricity Net Generation From Coal, All Sectors",Million Kilowatthours
198706,129350.599,"Electricity Net Generation From Coal, All Sectors",Million Kilowatthours
198707,143502.911,"Electricity Net Generation From Coal, All Sectors",Million Kilowatthours
198708,143194.312,"Electricity Net Generation From Coal, All Sectors",Million Kilowatthours
198709,120777.103,"Electricity Net Generation From Coal, All Sectors",Million Kilowatthours
198710,117742.848,"Electricity Net Generation From Coal, All Sectors",Million Kilowatthours
198711,114171.65,"Electricity Net Generation From Coal, All Sectors",Million Kilowatthours
198712,126213.387,"Electricity Net Generation From Coal, All Sectors",Million Kilowatthours
198801,137845.293,"Electricity Net Generation From Coal, All Sectors",Million Kilowatthours
198802,126267.376,"Electricity Net Generation From Coal, All Sectors",Million Kilowatthours
198803,120033.644,"Electricity Net Generation From Coal, All Sectors",Million Kilowatthours
198804,109135.472,"Electricity Net Generation From Coal, All Sectors",Million Kilowatthours
198805,115195.008,"Electricity Net Generation From Coal, All Sectors",Million Kilowatthours
198806,132267.995,"Electricity Net Generation From Coal, All Sectors",Million Kilowatthours
198807,144301.353,"Electricity Net Generation From Coal, All Sectors",Million Kilowatthours
198808,152376.525,"Electricity Net Generation From Coal, All Sectors",Million Kilowatthours
198809,124409.811,"Electricity Net Generation From Coal, All Sectors",Million Kilowatthours
198810,121339.387,"Electricity Net Generation From Coal, All Sectors",Million Kilowatthours
198811,121053.811,"Electricity Net Generation From Coal, All Sectors",Million Kilowatthours
198812,136427.1,"Electricity Net Generation From Coal, All Sectors",Million Kilowatthours
198901,137733.369,"Electricity Net Generation From Coal, All Sectors",Million Kilowatthours
198902,129611.076,"Electricity Net Generation From Coal, All Sectors",Million Kilowatthours
198903,129192.832,"Electricity Net Generation From Coal, All Sectors",Million Kilowatthours
198904,117867.309,"Electricity Net Generation From Coal, All Sectors",Million Kilowatthours
198905,121495.442,"Electricity Net Generation From Coal, All Sectors",Million Kilowatthours
198906,131163.721,"Electricity Net Generation From Coal, All Sectors",Million Kilowatthours
198907,141189.218,"Electricity Net Generation From Coal, All Sectors",Million Kilowatthours
198908,144610.455,"Electricity Net Generation From Coal, All Sectors",Million Kilowatthours
198909,129399.231,"Electricity Net Generation From Coal, All Sectors",Million Kilowatthours
198910,124912.222,"Electricity Net Generation From Coal, All Sectors",Million Kilowatthours
198911,126816.531,"Electricity Net Generation From Coal, All Sectors",Million Kilowatthours
198912,149787.733,"Electricity Net Generation From Coal, All Sectors",Million Kilowatthours
199001,135489.955,"Electricity Net Generation From Coal, All Sectors",Million Kilowatthours
199002,118755.094,"Electricity Net Generation From Coal, All Sectors",Million Kilowatthours
199003,125908.652,"Electricity Net Generation From Coal, All Sectors",Million Kilowatthours
199004,120002.708,"Electricity Net Generation From Coal, All Sectors",Million Kilowatthours
199005,122507.305,"Electricity Net Generation From Coal, All Sectors",Million Kilowatthours
199006,135553.242,"Electricity Net Generation From Coal, All Sectors",Million Kilowatthours
199007,147354.522,"Electricity Net Generation From Coal, All Sectors",Million Kilowatthours
199008,150453.899,"Electricity Net Generation From Coal, All Sectors",Million Kilowatthours
199009,138427.765,"Electricity Net Generation From Coal, All Sectors",Million Kilowatthours
199010,133108.84,"Electricity Net Generation From Coal, All Sectors",Million Kilowatthours
199011,126815.6,"Electricity Net Generation From Coal, All Sectors",Million Kilowatthours
199012,139633.895,"Electricity Net Generation From Coal, All Sectors",Million Kilowatthours
199101,145371.753,"Electricity Net Generation From Coal, All Sectors",Million Kilowatthours
199102,120934.682,"Electricity Net Generation From Coal, All Sectors",Million Kilowatthours
199103,121444.782,"Electricity Net Generation From Coal, All Sectors",Million Kilowatthours
199104,115472.088,"Electricity Net Generation From Coal, All Sectors",Million Kilowatthours
199105,127048.806,"Electricity Net Generation From Coal, All Sectors",Million Kilowatthours
199106,135312.435,"Electricity Net Generation From Coal, All Sectors",Million Kilowatthours
199107,147479.919,"Electricity Net Generation From Coal, All Sectors",Million Kilowatthours
199108,147805.166,"Electricity Net Generation From Coal, All Sectors",Million Kilowatthours
199109,132462.384,"Electricity Net Generation From Coal, All Sectors",Million Kilowatthours
199110,128848.55,"Electricity Net Generation From Coal, All Sectors",Million Kilowatthours
199111,132419.963,"Electricity Net Generation From Coal, All Sectors",Million Kilowatthours
199112,136022.222,"Electricity Net Generation From Coal, All Sectors",Million Kilowatthours
199201,141152.703,"Electricity Net Generation From Coal, All Sectors",Million Kilowatthours
199202,125269.566,"Electricity Net Generation From Coal, All Sectors",Million Kilowatthours
199203,131359.665,"Electricity Net Generation From Coal, All Sectors",Million Kilowatthours
199204,123494.618,"Electricity Net Generation From Coal, All Sectors",Million Kilowatthours
199205,127361.124,"Electricity Net Generation From Coal, All Sectors",Million Kilowatthours
199206,133411.196,"Electricity Net Generation From Coal, All Sectors",Million Kilowatthours
199207,153081.646,"Electricity Net Generation From Coal, All Sectors",Million Kilowatthours
199208,145957.289,"Electricity Net Generation From Coal, All Sectors",Million Kilowatthours
199209,137074.121,"Electricity Net Generation From Coal, All Sectors",Million Kilowatthours
199210,131730.799,"Electricity Net Generation From Coal, All Sectors",Million Kilowatthours
199211,129237.137,"Electricity Net Generation From Coal, All Sectors",Million Kilowatthours
199212,142076.174,"Electricity Net Generation From Coal, All Sectors",Million Kilowatthours
199301,142599.134,"Electricity Net Generation From Coal, All Sectors",Million Kilowatthours
199302,134109.412,"Electricity Net Generation From Coal, All Sectors",Million Kilowatthours
199303,140592.991,"Electricity Net Generation From Coal, All Sectors",Million Kilowatthours
199304,124275.274,"Electricity Net Generation From Coal, All Sectors",Million Kilowatthours
199305,124777.417,"Electricity Net Generation From Coal, All Sectors",Million Kilowatthours
199306,141785.177,"Electricity Net Generation From Coal, All Sectors",Million Kilowatthours
199307,163018.484,"Electricity Net Generation From Coal, All Sectors",Million Kilowatthours
199308,160903.125,"Electricity Net Generation From Coal, All Sectors",Million Kilowatthours
199309,138219.712,"Electricity Net Generation From Coal, All Sectors",Million Kilowatthours
199310,135141.229,"Electricity Net Generation From Coal, All Sectors",Million Kilowatthours
199311,136474.76,"Electricity Net Generation From Coal, All Sectors",Million Kilowatthours
199312,148173.517,"Electricity Net Generation From Coal, All Sectors",Million Kilowatthours
199401,157610.619,"Electricity Net Generation From Coal, All Sectors",Million Kilowatthours
199402,135521.483,"Electricity Net Generation From Coal, All Sectors",Million Kilowatthours
199403,138020.41,"Electricity Net Generation From Coal, All Sectors",Million Kilowatthours
199404,123992.011,"Electricity Net Generation From Coal, All Sectors",Million Kilowatthours
199405,130799.282,"Electricity Net Generation From Coal, All Sectors",Million Kilowatthours
199406,152297.287,"Electricity Net Generation From Coal, All Sectors",Million Kilowatthours
199407,157096.865,"Electricity Net Generation From Coal, All Sectors",Million Kilowatthours
199408,156436.879,"Electricity Net Generation From Coal, All Sectors",Million Kilowatthours
199409,136604.499,"Electricity Net Generation From Coal, All Sectors",Million Kilowatthours
199410,134182.723,"Electricity Net Generation From Coal, All Sectors",Million Kilowatthours
199411,127988.517,"Electricity Net Generation From Coal, All Sectors",Million Kilowatthours
199412,140143.288,"Electricity Net Generation From Coal, All Sectors",Million Kilowatthours
199501,147220.464,"Electricity Net Generation From Coal, All Sectors",Million Kilowatthours
199502,132900.242,"Electricity Net Generation From Coal, All Sectors",Million Kilowatthours
199503,131429.813,"Electricity Net Generation From Coal, All Sectors",Million Kilowatthours
199504,123075.938,"Electricity Net Generation From Coal, All Sectors",Million Kilowatthours
199505,130418.121,"Electricity Net Generation From Coal, All Sectors",Million Kilowatthours
199506,142845.57,"Electricity Net Generation From Coal, All Sectors",Million Kilowatthours
199507,163519.32,"Electricity Net Generation From Coal, All Sectors",Million Kilowatthours
199508,172128.181,"Electricity Net Generation From Coal, All Sectors",Million Kilowatthours
199509,139910.494,"Electricity Net Generation From Coal, All Sectors",Million Kilowatthours
199510,135947.424,"Electricity Net Generation From Coal, All Sectors",Million Kilowatthours
199511,138514.304,"Electricity Net Generation From Coal, All Sectors",Million Kilowatthours
199512,151516.596,"Electricity Net Generation From Coal, All Sectors",Million Kilowatthours
199601,157323.537,"Electricity Net Generation From Coal, All Sectors",Million Kilowatthours
199602,142053.138,"Electricity Net Generation From Coal, All Sectors",Million Kilowatthours
199603,143003.407,"Electricity Net Generation From Coal, All Sectors",Million Kilowatthours
199604,129580.8,"Electricity Net Generation From Coal, All Sectors",Million Kilowatthours
199605,138974.494,"Electricity Net Generation From Coal, All Sectors",Million Kilowatthours
199606,150947.294,"Electricity Net Generation From Coal, All Sectors",Million Kilowatthours
199607,163639.74,"Electricity Net Generation From Coal, All Sectors",Million Kilowatthours
199608,167075.001,"Electricity Net Generation From Coal, All Sectors",Million Kilowatthours
199609,147125.838,"Electricity Net Generation From Coal, All Sectors",Million Kilowatthours
199610,147467.719,"Electricity Net Generation From Coal, All Sectors",Million Kilowatthours
199611,150048.015,"Electricity Net Generation From Coal, All Sectors",Million Kilowatthours
199612,157956.61,"Electricity Net Generation From Coal, All Sectors",Million Kilowatthours
199701,166253.884,"Electricity Net Generation From Coal, All Sectors",Million Kilowatthours
199702,139411.673,"Electricity Net Generation From Coal, All Sectors",Million Kilowatthours
199703,142318.611,"Electricity Net Generation From Coal, All Sectors",Million Kilowatthours
199704,136166.77,"Electricity Net Generation From Coal, All Sectors",Million Kilowatthours
199705,140554.952,"Electricity Net Generation From Coal, All Sectors",Million Kilowatthours
199706,150747.51,"Electricity Net Generation From Coal, All Sectors",Million Kilowatthours
199707,172213.043,"Electricity Net Generation From Coal, All Sectors",Million Kilowatthours
199708,167540.145,"Electricity Net Generation From Coal, All Sectors",Million Kilowatthours
199709,156278.769,"Electricity Net Generation From Coal, All Sectors",Million Kilowatthours
199710,156902.377,"Electricity Net Generation From Coal, All Sectors",Million Kilowatthours
199711,150754.835,"Electricity Net Generation From Coal, All Sectors",Million Kilowatthours
199712,165873.168,"Electricity Net Generation From Coal, All Sectors",Million Kilowatthours
199801,162283.624,"Electricity Net Generation From Coal, All Sectors",Million Kilowatthours
199802,141543.723,"Electricity Net Generation From Coal, All Sectors",Million Kilowatthours
199803,149790.257,"Electricity Net Generation From Coal, All Sectors",Million Kilowatthours
199804,137324.321,"Electricity Net Generation From Coal, All Sectors",Million Kilowatthours
199805,150679.218,"Electricity Net Generation From Coal, All Sectors",Million Kilowatthours
199806,163107.639,"Electricity Net Generation From Coal, All Sectors",Million Kilowatthours
199807,178962.217,"Electricity Net Generation From Coal, All Sectors",Million Kilowatthours
199808,178504.985,"Electricity Net Generation From Coal, All Sectors",Million Kilowatthours
199809,160694.909,"Electricity Net Generation From Coal, All Sectors",Million Kilowatthours
199810,149853.817,"Electricity Net Generation From Coal, All Sectors",Million Kilowatthours
199811,143094.577,"Electricity Net Generation From Coal, All Sectors",Million Kilowatthours
199812,157676.402,"Electricity Net Generation From Coal, All Sectors",Million Kilowatthours
199901,164875.549,"Electricity Net Generation From Coal, All Sectors",Million Kilowatthours
199902,141731.078,"Electricity Net Generation From Coal, All Sectors",Million Kilowatthours
199903,150737.71,"Electricity Net Generation From Coal, All Sectors",Million Kilowatthours
199904,142214.22,"Electricity Net Generation From Coal, All Sectors",Million Kilowatthours
199905,148536.568,"Electricity Net Generation From Coal, All Sectors",Million Kilowatthours
199906,161781.572,"Electricity Net Generation From Coal, All Sectors",Million Kilowatthours
199907,183181.866,"Electricity Net Generation From Coal, All Sectors",Million Kilowatthours
199908,177326.788,"Electricity Net Generation From Coal, All Sectors",Million Kilowatthours
199909,158189.209,"Electricity Net Generation From Coal, All Sectors",Million Kilowatthours
199910,150773.584,"Electricity Net Generation From Coal, All Sectors",Million Kilowatthours
199911,144243.552,"Electricity Net Generation From Coal, All Sectors",Million Kilowatthours
199912,157495.528,"Electricity Net Generation From Coal, All Sectors",Million Kilowatthours
200001,178149.861,"Electricity Net Generation From Coal, All Sectors",Million Kilowatthours
200002,159302.963,"Electricity Net Generation From Coal, All Sectors",Million Kilowatthours
200003,156885.142,"Electricity Net Generation From Coal, All Sectors",Million Kilowatthours
200004,142133.022,"Electricity Net Generation From Coal, All Sectors",Million Kilowatthours
200005,155531.097,"Electricity Net Generation From Coal, All Sectors",Million Kilowatthours
200006,168867.552,"Electricity Net Generation From Coal, All Sectors",Million Kilowatthours
200007,174535.865,"Electricity Net Generation From Coal, All Sectors",Million Kilowatthours
200008,181461.803,"Electricity Net Generation From Coal, All Sectors",Million Kilowatthours
200009,162057.856,"Electricity Net Generation From Coal, All Sectors",Million Kilowatthours
200010,159132.19,"Electricity Net Generation From Coal, All Sectors",Million Kilowatthours
200011,155601.33,"Electricity Net Generation From Coal, All Sectors",Million Kilowatthours
200012,172605.915,"Electricity Net Generation From Coal, All Sectors",Million Kilowatthours
200101,177287.111,"Electricity Net Generation From Coal, All Sectors",Million Kilowatthours
200102,149735.484,"Electricity Net Generation From Coal, All Sectors",Million Kilowatthours
200103,155269.011,"Electricity Net Generation From Coal, All Sectors",Million Kilowatthours
200104,140670.654,"Electricity Net Generation From Coal, All Sectors",Million Kilowatthours
200105,151592.914,"Electricity Net Generation From Coal, All Sectors",Million Kilowatthours
200106,162615.804,"Electricity Net Generation From Coal, All Sectors",Million Kilowatthours
200107,179060.41,"Electricity Net Generation From Coal, All Sectors",Million Kilowatthours
200108,183116.073,"Electricity Net Generation From Coal, All Sectors",Million Kilowatthours
200109,154158.317,"Electricity Net Generation From Coal, All Sectors",Million Kilowatthours
200110,148930.816,"Electricity Net Generation From Coal, All Sectors",Million Kilowatthours
200111,144116.998,"Electricity Net Generation From Coal, All Sectors",Million Kilowatthours
200112,157402.35,"Electricity Net Generation From Coal, All Sectors",Million Kilowatthours
200201,164358.019,"Electricity Net Generation From Coal, All Sectors",Million Kilowatthours
200202,143048.821,"Electricity Net Generation From Coal, All Sectors",Million Kilowatthours
200203,151485.651,"Electricity Net Generation From Coal, All Sectors",Million Kilowatthours
200204,142304.594,"Electricity Net Generation From Coal, All Sectors",Million Kilowatthours
200205,151406.4,"Electricity Net Generation From Coal, All Sectors",Million Kilowatthours
200206,164667.696,"Electricity Net Generation From Coal, All Sectors",Million Kilowatthours
200207,183194.702,"Electricity Net Generation From Coal, All Sectors",Million Kilowatthours
200208,179955.447,"Electricity Net Generation From Coal, All Sectors",Million Kilowatthours
200209,165366.309,"Electricity Net Generation From Coal, All Sectors",Million Kilowatthours
200210,159099.295,"Electricity Net Generation From Coal, All Sectors",Million Kilowatthours
200211,156053.655,"Electricity Net Generation From Coal, All Sectors",Million Kilowatthours
200212,172189.765,"Electricity Net Generation From Coal, All Sectors",Million Kilowatthours
200301,181313.153,"Electricity Net Generation From Coal, All Sectors",Million Kilowatthours
200302,156982.482,"Electricity Net Generation From Coal, All Sectors",Million Kilowatthours
200303,155001.775,"Electricity Net Generation From Coal, All Sectors",Million Kilowatthours
200304,141959.981,"Electricity Net Generation From Coal, All Sectors",Million Kilowatthours
200305,150262.977,"Electricity Net Generation From Coal, All Sectors",Million Kilowatthours
200306,162284.631,"Electricity Net Generation From Coal, All Sectors",Million Kilowatthours
200307,181852.319,"Electricity Net Generation From Coal, All Sectors",Million Kilowatthours
200308,185331.824,"Electricity Net Generation From Coal, All Sectors",Million Kilowatthours
200309,164910.002,"Electricity Net Generation From Coal, All Sectors",Million Kilowatthours
200310,159322.942,"Electricity Net Generation From Coal, All Sectors",Million Kilowatthours
200311,158223.194,"Electricity Net Generation From Coal, All Sectors",Million Kilowatthours
200312,176291.472,"Electricity Net Generation From Coal, All Sectors",Million Kilowatthours
200401,180657.421,"Electricity Net Generation From Coal, All Sectors",Million Kilowatthours
200402,161503.092,"Electricity Net Generation From Coal, All Sectors",Million Kilowatthours
200403,154288.419,"Electricity Net Generation From Coal, All Sectors",Million Kilowatthours
200404,141470.956,"Electricity Net Generation From Coal, All Sectors",Million Kilowatthours
200405,157016.377,"Electricity Net Generation From Coal, All Sectors",Million Kilowatthours
200406,167641.906,"Electricity Net Generation From Coal, All Sectors",Million Kilowatthours
200407,181491.821,"Electricity Net Generation From Coal, All Sectors",Million Kilowatthours
200408,178181.343,"Electricity Net Generation From Coal, All Sectors",Million Kilowatthours
200409,164252.923,"Electricity Net Generation From Coal, All Sectors",Million Kilowatthours
200410,157605.095,"Electricity Net Generation From Coal, All Sectors",Million Kilowatthours
200411,157435.994,"Electricity Net Generation From Coal, All Sectors",Million Kilowatthours
200412,176755.201,"Electricity Net Generation From Coal, All Sectors",Million Kilowatthours
200501,177013.907,"Electricity Net Generation From Coal, All Sectors",Million Kilowatthours
200502,155818.014,"Electricity Net Generation From Coal, All Sectors",Million Kilowatthours
200503,163612.7,"Electricity Net Generation From Coal, All Sectors",Million Kilowatthours
200504,143083.239,"Electricity Net Generation From Coal, All Sectors",Million Kilowatthours
200505,153957.962,"Electricity Net Generation From Coal, All Sectors",Million Kilowatthours
200506,174866.997,"Electricity Net Generation From Coal, All Sectors",Million Kilowatthours
200507,186090.757,"Electricity Net Generation From Coal, All Sectors",Million Kilowatthours
200508,187573.754,"Electricity Net Generation From Coal, All Sectors",Million Kilowatthours
200509,171656.215,"Electricity Net Generation From Coal, All Sectors",Million Kilowatthours
200510,162436.793,"Electricity Net Generation From Coal, All Sectors",Million Kilowatthours
200511,158797.527,"Electricity Net Generation From Coal, All Sectors",Million Kilowatthours
200512,177965.18,"Electricity Net Generation From Coal, All Sectors",Million Kilowatthours
200601,169236.081,"Electricity Net Generation From Coal, All Sectors",Million Kilowatthours
200602,158616.189,"Electricity Net Generation From Coal, All Sectors",Million Kilowatthours
200603,161325.115,"Electricity Net Generation From Coal, All Sectors",Million Kilowatthours
200604,141426.234,"Electricity Net Generation From Coal, All Sectors",Million Kilowatthours
200605,157009.755,"Electricity Net Generation From Coal, All Sectors",Million Kilowatthours
200606,169693.478,"Electricity Net Generation From Coal, All Sectors",Million Kilowatthours
200607,187820.872,"Electricity Net Generation From Coal, All Sectors",Million Kilowatthours
200608,189454.93,"Electricity Net Generation From Coal, All Sectors",Million Kilowatthours
200609,161590.354,"Electricity Net Generation From Coal, All Sectors",Million Kilowatthours
200610,161389.659,"Electricity Net Generation From Coal, All Sectors",Million Kilowatthours
200611,159439.517,"Electricity Net Generation From Coal, All Sectors",Million Kilowatthours
200612,173508.951,"Electricity Net Generation From Coal, All Sectors",Million Kilowatthours
200701,175739.438,"Electricity Net Generation From Coal, All Sectors",Million Kilowatthours
200702,163602.813,"Electricity Net Generation From Coal, All Sectors",Million Kilowatthours
200703,159811.074,"Electricity Net Generation From Coal, All Sectors",Million Kilowatthours
200704,146249.541,"Electricity Net Generation From Coal, All Sectors",Million Kilowatthours
200705,157513.281,"Electricity Net Generation From Coal, All Sectors",Million Kilowatthours
200706,173512.884,"Electricity Net Generation From Coal, All Sectors",Million Kilowatthours
200707,185053.788,"Electricity Net Generation From Coal, All Sectors",Million Kilowatthours
200708,190134.816,"Electricity Net Generation From Coal, All Sectors",Million Kilowatthours
200709,169391.273,"Electricity Net Generation From Coal, All Sectors",Million Kilowatthours
200710,162234.356,"Electricity Net Generation From Coal, All Sectors",Million Kilowatthours
200711,159382.455,"Electricity Net Generation From Coal, All Sectors",Million Kilowatthours
200712,173829.866,"Electricity Net Generation From Coal, All Sectors",Million Kilowatthours
200801,182875.504,"Electricity Net Generation From Coal, All Sectors",Million Kilowatthours
200802,166666.355,"Electricity Net Generation From Coal, All Sectors",Million Kilowatthours
200803,160743.243,"Electricity Net Generation From Coal, All Sectors",Million Kilowatthours
200804,146983.024,"Electricity Net Generation From Coal, All Sectors",Million Kilowatthours
200805,154915.901,"Electricity Net Generation From Coal, All Sectors",Million Kilowatthours
200806,171043.279,"Electricity Net Generation From Coal, All Sectors",Million Kilowatthours
200807,186733.456,"Electricity Net Generation From Coal, All Sectors",Million Kilowatthours
200808,180576.493,"Electricity Net Generation From Coal, All Sectors",Million Kilowatthours
200809,161356.347,"Electricity Net Generation From Coal, All Sectors",Million Kilowatthours
200810,151840.715,"Electricity Net Generation From Coal, All Sectors",Million Kilowatthours
200811,154281.198,"Electricity Net Generation From Coal, All Sectors",Million Kilowatthours
200812,167785.73,"Electricity Net Generation From Coal, All Sectors",Million Kilowatthours
200901,171925.15,"Electricity Net Generation From Coal, All Sectors",Million Kilowatthours
200902,140915.785,"Electricity Net Generation From Coal, All Sectors",Million Kilowatthours
200903,135530.328,"Electricity Net Generation From Coal, All Sectors",Million Kilowatthours
200904,125934.973,"Electricity Net Generation From Coal, All Sectors",Million Kilowatthours
200905,131673.058,"Electricity Net Generation From Coal, All Sectors",Million Kilowatthours
200906,148086.771,"Electricity Net Generation From Coal, All Sectors",Million Kilowatthours
200907,158233.869,"Electricity Net Generation From Coal, All Sectors",Million Kilowatthours
200908,163260.483,"Electricity Net Generation From Coal, All Sectors",Million Kilowatthours
200909,137144.648,"Electricity Net Generation From Coal, All Sectors",Million Kilowatthours
200910,139955.577,"Electricity Net Generation From Coal, All Sectors",Million Kilowatthours
200911,136809.575,"Electricity Net Generation From Coal, All Sectors",Million Kilowatthours
200912,166434.036,"Electricity Net Generation From Coal, All Sectors",Million Kilowatthours
201001,173320.161,"Electricity Net Generation From Coal, All Sectors",Million Kilowatthours
201002,153044.159,"Electricity Net Generation From Coal, All Sectors",Million Kilowatthours
201003,144405.633,"Electricity Net Generation From Coal, All Sectors",Million Kilowatthours
201004,126951.885,"Electricity Net Generation From Coal, All Sectors",Million Kilowatthours
201005,143272.494,"Electricity Net Generation From Coal, All Sectors",Million Kilowatthours
201006,165491.489,"Electricity Net Generation From Coal, All Sectors",Million Kilowatthours
201007,179600.499,"Electricity Net Generation From Coal, All Sectors",Million Kilowatthours
201008,177745.32,"Electricity Net Generation From Coal, All Sectors",Million Kilowatthours
201009,148745.672,"Electricity Net Generation From Coal, All Sectors",Million Kilowatthours
201010,132269.835,"Electricity Net Generation From Coal, All Sectors",Million Kilowatthours
201011,135185.045,"Electricity Net Generation From Coal, All Sectors",Million Kilowatthours
201012,167258.086,"Electricity Net Generation From Coal, All Sectors",Million Kilowatthours
